hour,non_transfer,transfer,total
00:00~00:59,0,0,0
01:00~01:59,0,0,0
02:00~02:59,0,0,0
03:00~03:59,0,0,0
04:00~04:59,0,0,0
05:00~05:59,80,6,86
06:00~06:59,151,20,171
07:00~07:59,256,46,302
08:00~08:59,113,32,145
09:00~09:59,265,66,331
10:00~10:59,86,4,90
11:00~11:59,240,70,310
12:00~12:59,130,14,144
13:00~13:59,107,24,131
14:00~14:59,178,40,218
15:00~15:59,69,29,98
16:00~16:59,299,41,340
17:00~17:59,79,9,88
18:00~18:59,151,42,193
19:00~19:59,66,10,76
20:00~20:59,61,15,76
21:00~21:59,51,8,59
22:00~22:59,11,2,13
23:00~23:59,0,0,0
