routeName,spotId,cum_km,in_valley
진동환승센터,379002356,0.0,False
창의탑,379001762,0.5563230298660679,False
동촌,379001752,1.0599376731124557,False
진북면행정복지센터,379003353,1.6300848748101975,False
진북면행정복지센터,379001761,1.8174244197656213,False
덕곡입구,379001730,2.2456271256109637,True
덕곡,379003372,3.2829767887983037,True
덕곡2교,379005527,3.6512651286195466,True
대평마을,379001685,4.1905696969944,True
이목마을회관,379005910,4.900258307117105,True
이목,379001658,5.029767277601712,True
부산마을입구,379001646,5.343382302607163,True
이목마을,379001635,5.657697069207371,True
이목마을,379005911,5.81316224508453,True
금산마을,379005912,6.332865051234845,True
금산마을입구,379001605,6.62479224551669,True
금산마을,379003529,7.184101899134259,True
금산1반,379005363,7.377076128073512,True
대밭골교,379003527,7.568241180886893,True
금산1반,379003070,7.848359395839235,True
학동마을회관,379001573,8.45286266710482,True
일성식물원,379003495,8.911653513032489,True
영동종점,379001528,9.21085218984826,True
영동,379006188,9.469320711642602,True
영학리,379003273,9.710658052595814,True
서북동마을,379005947,9.98692424998405,True
