routeId,updnSe,routeNo,time_known_at_origin,origin_terminal,place,direction
379000730,1,73,True,서북동마을,대상: 진북면 서북동 계곡(73번 단독 정차 정류소),생활권→마산역
379000730,0,73,True,마산역종점,대상: 진북면 서북동 계곡(73번 단독 정차 정류소),마산역→생활권
379000640,1,64,True,진동환승센터,비교: 진동환승센터 일대(반경 300m),생활권→마산역
379000641,1,64-1,True,진동환승센터,비교: 진동환승센터 일대(반경 300m),생활권→마산역
379000650,1,65,False,명주,비교: 진동환승센터 일대(반경 300m),생활권→마산역
379000658,1,65,False,명주,비교: 진동환승센터 일대(반경 300m),생활권→마산역
379000710,0,71,False,진동면허시험장,비교: 진동환승센터 일대(반경 300m),생활권→마산역
379000730,1,73,False,서북동마을,비교: 진동환승센터 일대(반경 300m),생활권→마산역
379000740,1,74,False,정곡종점,비교: 진동환승센터 일대(반경 300m),생활권→마산역
379000750,1,75,False,상평종점,비교: 진동환승센터 일대(반경 300m),생활권→마산역
379000760,1,76,False,둔덕종점,비교: 진동환승센터 일대(반경 300m),생활권→마산역
379000770,1,77,False,시락정곡종점,비교: 진동환승센터 일대(반경 300m),생활권→마산역
379000780,1,78,False,선두종점,비교: 진동환승센터 일대(반경 300m),생활권→마산역
379000800,0,80,True,진동환승센터,비교: 진동환승센터 일대(반경 300m),생활권→마산역
379006510,1,65-1,False,로봇랜드(입구),비교: 진동환승센터 일대(반경 300m),생활권→마산역
379030030,1,3003,True,진동환승센터,비교: 진동환승센터 일대(반경 300m),생활권→마산역
379000640,0,64,True,마산역종점,비교: 진동환승센터 일대(반경 300m),마산역→생활권
379000641,0,64-1,False,유니시티2단지,비교: 진동환승센터 일대(반경 300m),마산역→생활권
379000650,0,65,False,유니시티2단지,비교: 진동환승센터 일대(반경 300m),마산역→생활권
379000658,0,65,False,유니시티2단지,비교: 진동환승센터 일대(반경 300m),마산역→생활권
379000710,1,71,False,창원역,비교: 진동환승센터 일대(반경 300m),마산역→생활권
379000720,0,72,True,마산역종점,비교: 진동환승센터 일대(반경 300m),마산역→생활권
379000728,0,72,True,마산역종점,비교: 진동환승센터 일대(반경 300m),마산역→생활권
379000730,0,73,True,마산역종점,비교: 진동환승센터 일대(반경 300m),마산역→생활권
379000740,0,74,True,마산역종점,비교: 진동환승센터 일대(반경 300m),마산역→생활권
379000750,0,75,True,마산역종점,비교: 진동환승센터 일대(반경 300m),마산역→생활권
379000760,0,76,True,마산역종점,비교: 진동환승센터 일대(반경 300m),마산역→생활권
379000770,0,77,True,마산역종점,비교: 진동환승센터 일대(반경 300m),마산역→생활권
379000780,0,78,True,마산역종점,비교: 진동환승센터 일대(반경 300m),마산역→생활권
379000800,1,80,True,마산역종점,비교: 진동환승센터 일대(반경 300m),마산역→생활권
379006510,0,65-1,False,유니시티2단지,비교: 진동환승센터 일대(반경 300m),마산역→생활권
