구분,방향,요일,노선,routeId,updnSe,출발 터미널,출발시각,시간대,기준일
대상: 진북면 서북동 계곡(73번 단독 정차 정류소),생활권→마산역,평일,73,379000730,1,서북동마을,05:45,~07시,2026-09-28
대상: 진북면 서북동 계곡(73번 단독 정차 정류소),생활권→마산역,평일,73,379000730,1,서북동마을,07:10,07–09시,2026-09-28
대상: 진북면 서북동 계곡(73번 단독 정차 정류소),생활권→마산역,평일,73,379000730,1,서북동마을,08:55,07–09시,2026-09-28
대상: 진북면 서북동 계곡(73번 단독 정차 정류소),생활권→마산역,평일,73,379000730,1,서북동마을,10:40,09–12시,2026-09-28
대상: 진북면 서북동 계곡(73번 단독 정차 정류소),생활권→마산역,평일,73,379000730,1,서북동마을,12:25,12–15시,2026-09-28
대상: 진북면 서북동 계곡(73번 단독 정차 정류소),생활권→마산역,평일,73,379000730,1,서북동마을,14:10,12–15시,2026-09-28
대상: 진북면 서북동 계곡(73번 단독 정차 정류소),생활권→마산역,평일,73,379000730,1,서북동마을,15:55,15–18시,2026-09-28
대상: 진북면 서북동 계곡(73번 단독 정차 정류소),생활권→마산역,평일,73,379000730,1,서북동마을,17:40,15–18시,2026-09-28
대상: 진북면 서북동 계곡(73번 단독 정차 정류소),생활권→마산역,평일,73,379000730,1,서북동마을,19:25,18–20시,2026-09-28
대상: 진북면 서북동 계곡(73번 단독 정차 정류소),생활권→마산역,평일,73,379000730,1,서북동마을,21:30,20시~,2026-09-28
대상: 진북면 서북동 계곡(73번 단독 정차 정류소),생활권→마산역,일·공휴일,73,379000730,1,서북동마을,05:45,~07시,2026-10-03
대상: 진북면 서북동 계곡(73번 단독 정차 정류소),생활권→마산역,일·공휴일,73,379000730,1,서북동마을,07:10,07–09시,2026-10-03
대상: 진북면 서북동 계곡(73번 단독 정차 정류소),생활권→마산역,일·공휴일,73,379000730,1,서북동마을,08:55,07–09시,2026-10-03
대상: 진북면 서북동 계곡(73번 단독 정차 정류소),생활권→마산역,일·공휴일,73,379000730,1,서북동마을,10:40,09–12시,2026-10-03
대상: 진북면 서북동 계곡(73번 단독 정차 정류소),생활권→마산역,일·공휴일,73,379000730,1,서북동마을,12:25,12–15시,2026-10-03
대상: 진북면 서북동 계곡(73번 단독 정차 정류소),생활권→마산역,일·공휴일,73,379000730,1,서북동마을,14:10,12–15시,2026-10-03
대상: 진북면 서북동 계곡(73번 단독 정차 정류소),생활권→마산역,일·공휴일,73,379000730,1,서북동마을,15:55,15–18시,2026-10-03
대상: 진북면 서북동 계곡(73번 단독 정차 정류소),생활권→마산역,일·공휴일,73,379000730,1,서북동마을,17:40,15–18시,2026-10-03
대상: 진북면 서북동 계곡(73번 단독 정차 정류소),생활권→마산역,일·공휴일,73,379000730,1,서북동마을,19:25,18–20시,2026-10-03
대상: 진북면 서북동 계곡(73번 단독 정차 정류소),생활권→마산역,일·공휴일,73,379000730,1,서북동마을,21:30,20시~,2026-10-03
대상: 진북면 서북동 계곡(73번 단독 정차 정류소),마산역→생활권,평일,73,379000730,0,마산역종점,05:40,~07시,2026-09-28
대상: 진북면 서북동 계곡(73번 단독 정차 정류소),마산역→생활권,평일,73,379000730,0,마산역종점,07:25,07–09시,2026-09-28
대상: 진북면 서북동 계곡(73번 단독 정차 정류소),마산역→생활권,평일,73,379000730,0,마산역종점,09:10,09–12시,2026-09-28
대상: 진북면 서북동 계곡(73번 단독 정차 정류소),마산역→생활권,평일,73,379000730,0,마산역종점,10:55,09–12시,2026-09-28
대상: 진북면 서북동 계곡(73번 단독 정차 정류소),마산역→생활권,평일,73,379000730,0,마산역종점,12:40,12–15시,2026-09-28
대상: 진북면 서북동 계곡(73번 단독 정차 정류소),마산역→생활권,평일,73,379000730,0,마산역종점,14:25,12–15시,2026-09-28
대상: 진북면 서북동 계곡(73번 단독 정차 정류소),마산역→생활권,평일,73,379000730,0,마산역종점,16:10,15–18시,2026-09-28
대상: 진북면 서북동 계곡(73번 단독 정차 정류소),마산역→생활권,평일,73,379000730,0,마산역종점,17:55,15–18시,2026-09-28
대상: 진북면 서북동 계곡(73번 단독 정차 정류소),마산역→생활권,평일,73,379000730,0,마산역종점,19:40,18–20시,2026-09-28
대상: 진북면 서북동 계곡(73번 단독 정차 정류소),마산역→생활권,평일,73,379000730,0,마산역종점,21:25,20시~,2026-09-28
대상: 진북면 서북동 계곡(73번 단독 정차 정류소),마산역→생활권,일·공휴일,73,379000730,0,마산역종점,05:40,~07시,2026-10-03
대상: 진북면 서북동 계곡(73번 단독 정차 정류소),마산역→생활권,일·공휴일,73,379000730,0,마산역종점,07:25,07–09시,2026-10-03
대상: 진북면 서북동 계곡(73번 단독 정차 정류소),마산역→생활권,일·공휴일,73,379000730,0,마산역종점,09:10,09–12시,2026-10-03
대상: 진북면 서북동 계곡(73번 단독 정차 정류소),마산역→생활권,일·공휴일,73,379000730,0,마산역종점,10:55,09–12시,2026-10-03
대상: 진북면 서북동 계곡(73번 단독 정차 정류소),마산역→생활권,일·공휴일,73,379000730,0,마산역종점,12:40,12–15시,2026-10-03
대상: 진북면 서북동 계곡(73번 단독 정차 정류소),마산역→생활권,일·공휴일,73,379000730,0,마산역종점,14:25,12–15시,2026-10-03
대상: 진북면 서북동 계곡(73번 단독 정차 정류소),마산역→생활권,일·공휴일,73,379000730,0,마산역종점,16:10,15–18시,2026-10-03
대상: 진북면 서북동 계곡(73번 단독 정차 정류소),마산역→생활권,일·공휴일,73,379000730,0,마산역종점,17:55,15–18시,2026-10-03
대상: 진북면 서북동 계곡(73번 단독 정차 정류소),마산역→생활권,일·공휴일,73,379000730,0,마산역종점,19:40,18–20시,2026-10-03
대상: 진북면 서북동 계곡(73번 단독 정차 정류소),마산역→생활권,일·공휴일,73,379000730,0,마산역종점,21:25,20시~,2026-10-03
비교: 진동환승센터 일대(반경 300m),생활권→마산역,평일,64,379000640,1,진동환승센터,07:40,07–09시,2026-09-28
비교: 진동환승센터 일대(반경 300m),생활권→마산역,평일,64,379000640,1,진동환승센터,12:00,12–15시,2026-09-28
비교: 진동환승센터 일대(반경 300m),생활권→마산역,평일,64,379000640,1,진동환승센터,16:20,15–18시,2026-09-28
비교: 진동환승센터 일대(반경 300m),생활권→마산역,평일,64,379000640,1,진동환승센터,20:40,20시~,2026-09-28
비교: 진동환승센터 일대(반경 300m),생활권→마산역,일·공휴일,64,379000640,1,진동환승센터,07:40,07–09시,2026-10-03
비교: 진동환승센터 일대(반경 300m),생활권→마산역,일·공휴일,64,379000640,1,진동환승센터,12:00,12–15시,2026-10-03
비교: 진동환승센터 일대(반경 300m),생활권→마산역,일·공휴일,64,379000640,1,진동환승센터,16:20,15–18시,2026-10-03
비교: 진동환승센터 일대(반경 300m),생활권→마산역,일·공휴일,64,379000640,1,진동환승센터,20:40,20시~,2026-10-03
비교: 진동환승센터 일대(반경 300m),생활권→마산역,평일,64-1,379000641,1,진동환승센터,10:10,09–12시,2026-09-28
비교: 진동환승센터 일대(반경 300m),생활권→마산역,평일,64-1,379000641,1,진동환승센터,15:20,15–18시,2026-09-28
비교: 진동환승센터 일대(반경 300m),생활권→마산역,평일,64-1,379000641,1,진동환승센터,20:10,20시~,2026-09-28
비교: 진동환승센터 일대(반경 300m),생활권→마산역,일·공휴일,64-1,379000641,1,진동환승센터,10:10,09–12시,2026-10-03
비교: 진동환승센터 일대(반경 300m),생활권→마산역,일·공휴일,64-1,379000641,1,진동환승센터,15:20,15–18시,2026-10-03
비교: 진동환승센터 일대(반경 300m),생활권→마산역,일·공휴일,64-1,379000641,1,진동환승센터,20:10,20시~,2026-10-03
비교: 진동환승센터 일대(반경 300m),생활권→마산역,평일,65,379000650,1,명주,05:30,시각 미산출(중간경유),2026-09-28
비교: 진동환승센터 일대(반경 300m),생활권→마산역,평일,65,379000650,1,명주,07:30,시각 미산출(중간경유),2026-09-28
비교: 진동환승센터 일대(반경 300m),생활권→마산역,평일,65,379000650,1,명주,08:10,시각 미산출(중간경유),2026-09-28
비교: 진동환승센터 일대(반경 300m),생활권→마산역,평일,65,379000650,1,명주,09:50,시각 미산출(중간경유),2026-09-28
비교: 진동환승센터 일대(반경 300m),생활권→마산역,평일,65,379000650,1,명주,11:40,시각 미산출(중간경유),2026-09-28
비교: 진동환승센터 일대(반경 300m),생활권→마산역,평일,65,379000650,1,명주,12:40,시각 미산출(중간경유),2026-09-28
비교: 진동환승센터 일대(반경 300m),생활권→마산역,평일,65,379000650,1,명주,15:20,시각 미산출(중간경유),2026-09-28
비교: 진동환승센터 일대(반경 300m),생활권→마산역,평일,65,379000650,1,명주,17:30,시각 미산출(중간경유),2026-09-28
비교: 진동환승센터 일대(반경 300m),생활권→마산역,평일,65,379000650,1,명주,18:30,시각 미산출(중간경유),2026-09-28
비교: 진동환승센터 일대(반경 300m),생활권→마산역,일·공휴일,65,379000650,1,명주,05:30,시각 미산출(중간경유),2026-10-03
비교: 진동환승센터 일대(반경 300m),생활권→마산역,일·공휴일,65,379000650,1,명주,07:30,시각 미산출(중간경유),2026-10-03
비교: 진동환승센터 일대(반경 300m),생활권→마산역,일·공휴일,65,379000650,1,명주,08:10,시각 미산출(중간경유),2026-10-03
비교: 진동환승센터 일대(반경 300m),생활권→마산역,일·공휴일,65,379000650,1,명주,09:50,시각 미산출(중간경유),2026-10-03
비교: 진동환승센터 일대(반경 300m),생활권→마산역,일·공휴일,65,379000650,1,명주,11:40,시각 미산출(중간경유),2026-10-03
비교: 진동환승센터 일대(반경 300m),생활권→마산역,일·공휴일,65,379000650,1,명주,12:40,시각 미산출(중간경유),2026-10-03
비교: 진동환승센터 일대(반경 300m),생활권→마산역,일·공휴일,65,379000650,1,명주,15:20,시각 미산출(중간경유),2026-10-03
비교: 진동환승센터 일대(반경 300m),생활권→마산역,일·공휴일,65,379000650,1,명주,17:30,시각 미산출(중간경유),2026-10-03
비교: 진동환승센터 일대(반경 300m),생활권→마산역,일·공휴일,65,379000650,1,명주,18:30,시각 미산출(중간경유),2026-10-03
비교: 진동환승센터 일대(반경 300m),생활권→마산역,평일,65,379000658,1,명주,06:20,시각 미산출(중간경유),2026-09-28
비교: 진동환승센터 일대(반경 300m),생활권→마산역,일·공휴일,65,379000658,1,명주,06:20,시각 미산출(중간경유),2026-10-03
비교: 진동환승센터 일대(반경 300m),생활권→마산역,평일,71,379000710,0,진동면허시험장,05:33,시각 미산출(중간경유),2026-09-28
비교: 진동환승센터 일대(반경 300m),생활권→마산역,평일,71,379000710,0,진동면허시험장,06:18,시각 미산출(중간경유),2026-09-28
비교: 진동환승센터 일대(반경 300m),생활권→마산역,평일,71,379000710,0,진동면허시험장,06:57,시각 미산출(중간경유),2026-09-28
비교: 진동환승센터 일대(반경 300m),생활권→마산역,평일,71,379000710,0,진동면허시험장,07:36,시각 미산출(중간경유),2026-09-28
비교: 진동환승센터 일대(반경 300m),생활권→마산역,평일,71,379000710,0,진동면허시험장,08:15,시각 미산출(중간경유),2026-09-28
비교: 진동환승센터 일대(반경 300m),생활권→마산역,평일,71,379000710,0,진동면허시험장,08:54,시각 미산출(중간경유),2026-09-28
비교: 진동환승센터 일대(반경 300m),생활권→마산역,평일,71,379000710,0,진동면허시험장,09:33,시각 미산출(중간경유),2026-09-28
비교: 진동환승센터 일대(반경 300m),생활권→마산역,평일,71,379000710,0,진동면허시험장,10:12,시각 미산출(중간경유),2026-09-28
비교: 진동환승센터 일대(반경 300m),생활권→마산역,평일,71,379000710,0,진동면허시험장,10:51,시각 미산출(중간경유),2026-09-28
비교: 진동환승센터 일대(반경 300m),생활권→마산역,평일,71,379000710,0,진동면허시험장,11:30,시각 미산출(중간경유),2026-09-28
비교: 진동환승센터 일대(반경 300m),생활권→마산역,평일,71,379000710,0,진동면허시험장,12:09,시각 미산출(중간경유),2026-09-28
비교: 진동환승센터 일대(반경 300m),생활권→마산역,평일,71,379000710,0,진동면허시험장,13:13,시각 미산출(중간경유),2026-09-28
비교: 진동환승센터 일대(반경 300m),생활권→마산역,평일,71,379000710,0,진동면허시험장,13:52,시각 미산출(중간경유),2026-09-28
비교: 진동환승센터 일대(반경 300m),생활권→마산역,평일,71,379000710,0,진동면허시험장,14:31,시각 미산출(중간경유),2026-09-28
비교: 진동환승센터 일대(반경 300m),생활권→마산역,평일,71,379000710,0,진동면허시험장,15:10,시각 미산출(중간경유),2026-09-28
비교: 진동환승센터 일대(반경 300m),생활권→마산역,평일,71,379000710,0,진동면허시험장,15:49,시각 미산출(중간경유),2026-09-28
비교: 진동환승센터 일대(반경 300m),생활권→마산역,평일,71,379000710,0,진동면허시험장,16:28,시각 미산출(중간경유),2026-09-28
비교: 진동환승센터 일대(반경 300m),생활권→마산역,평일,71,379000710,0,진동면허시험장,17:07,시각 미산출(중간경유),2026-09-28
비교: 진동환승센터 일대(반경 300m),생활권→마산역,평일,71,379000710,0,진동면허시험장,17:46,시각 미산출(중간경유),2026-09-28
비교: 진동환승센터 일대(반경 300m),생활권→마산역,평일,71,379000710,0,진동면허시험장,18:25,시각 미산출(중간경유),2026-09-28
비교: 진동환승센터 일대(반경 300m),생활권→마산역,평일,71,379000710,0,진동면허시험장,19:04,시각 미산출(중간경유),2026-09-28
비교: 진동환승센터 일대(반경 300m),생활권→마산역,평일,71,379000710,0,진동면허시험장,19:58,시각 미산출(중간경유),2026-09-28
비교: 진동환승센터 일대(반경 300m),생활권→마산역,평일,71,379000710,0,진동면허시험장,20:34,시각 미산출(중간경유),2026-09-28
비교: 진동환승센터 일대(반경 300m),생활권→마산역,평일,71,379000710,0,진동면허시험장,21:10,시각 미산출(중간경유),2026-09-28
비교: 진동환승센터 일대(반경 300m),생활권→마산역,평일,71,379000710,0,진동면허시험장,21:50,시각 미산출(중간경유),2026-09-28
비교: 진동환승센터 일대(반경 300m),생활권→마산역,평일,71,379000710,0,진동면허시험장,22:40,시각 미산출(중간경유),2026-09-28
비교: 진동환승센터 일대(반경 300m),생활권→마산역,일·공휴일,71,379000710,0,진동면허시험장,05:33,시각 미산출(중간경유),2026-10-03
비교: 진동환승센터 일대(반경 300m),생활권→마산역,일·공휴일,71,379000710,0,진동면허시험장,06:33,시각 미산출(중간경유),2026-10-03
비교: 진동환승센터 일대(반경 300m),생활권→마산역,일·공휴일,71,379000710,0,진동면허시험장,07:25,시각 미산출(중간경유),2026-10-03
비교: 진동환승센터 일대(반경 300m),생활권→마산역,일·공휴일,71,379000710,0,진동면허시험장,08:13,시각 미산출(중간경유),2026-10-03
비교: 진동환승센터 일대(반경 300m),생활권→마산역,일·공휴일,71,379000710,0,진동면허시험장,09:02,시각 미산출(중간경유),2026-10-03
비교: 진동환승센터 일대(반경 300m),생활권→마산역,일·공휴일,71,379000710,0,진동면허시험장,09:51,시각 미산출(중간경유),2026-10-03
비교: 진동환승센터 일대(반경 300m),생활권→마산역,일·공휴일,71,379000710,0,진동면허시험장,10:40,시각 미산출(중간경유),2026-10-03
비교: 진동환승센터 일대(반경 300m),생활권→마산역,일·공휴일,71,379000710,0,진동면허시험장,11:28,시각 미산출(중간경유),2026-10-03
비교: 진동환승센터 일대(반경 300m),생활권→마산역,일·공휴일,71,379000710,0,진동면허시험장,12:17,시각 미산출(중간경유),2026-10-03
비교: 진동환승센터 일대(반경 300m),생활권→마산역,일·공휴일,71,379000710,0,진동면허시험장,13:33,시각 미산출(중간경유),2026-10-03
비교: 진동환승센터 일대(반경 300m),생활권→마산역,일·공휴일,71,379000710,0,진동면허시험장,14:22,시각 미산출(중간경유),2026-10-03
비교: 진동환승센터 일대(반경 300m),생활권→마산역,일·공휴일,71,379000710,0,진동면허시험장,15:10,시각 미산출(중간경유),2026-10-03
비교: 진동환승센터 일대(반경 300m),생활권→마산역,일·공휴일,71,379000710,0,진동면허시험장,15:59,시각 미산출(중간경유),2026-10-03
비교: 진동환승센터 일대(반경 300m),생활권→마산역,일·공휴일,71,379000710,0,진동면허시험장,16:48,시각 미산출(중간경유),2026-10-03
비교: 진동환승센터 일대(반경 300m),생활권→마산역,일·공휴일,71,379000710,0,진동면허시험장,17:37,시각 미산출(중간경유),2026-10-03
비교: 진동환승센터 일대(반경 300m),생활권→마산역,일·공휴일,71,379000710,0,진동면허시험장,18:25,시각 미산출(중간경유),2026-10-03
비교: 진동환승센터 일대(반경 300m),생활권→마산역,일·공휴일,71,379000710,0,진동면허시험장,19:14,시각 미산출(중간경유),2026-10-03
비교: 진동환승센터 일대(반경 300m),생활권→마산역,일·공휴일,71,379000710,0,진동면허시험장,20:15,시각 미산출(중간경유),2026-10-03
비교: 진동환승센터 일대(반경 300m),생활권→마산역,일·공휴일,71,379000710,0,진동면허시험장,21:01,시각 미산출(중간경유),2026-10-03
비교: 진동환승센터 일대(반경 300m),생활권→마산역,일·공휴일,71,379000710,0,진동면허시험장,21:49,시각 미산출(중간경유),2026-10-03
비교: 진동환승센터 일대(반경 300m),생활권→마산역,일·공휴일,71,379000710,0,진동면허시험장,22:40,시각 미산출(중간경유),2026-10-03
비교: 진동환승센터 일대(반경 300m),생활권→마산역,평일,73,379000730,1,서북동마을,05:45,시각 미산출(중간경유),2026-09-28
비교: 진동환승센터 일대(반경 300m),생활권→마산역,평일,73,379000730,1,서북동마을,07:10,시각 미산출(중간경유),2026-09-28
비교: 진동환승센터 일대(반경 300m),생활권→마산역,평일,73,379000730,1,서북동마을,08:55,시각 미산출(중간경유),2026-09-28
비교: 진동환승센터 일대(반경 300m),생활권→마산역,평일,73,379000730,1,서북동마을,10:40,시각 미산출(중간경유),2026-09-28
비교: 진동환승센터 일대(반경 300m),생활권→마산역,평일,73,379000730,1,서북동마을,12:25,시각 미산출(중간경유),2026-09-28
비교: 진동환승센터 일대(반경 300m),생활권→마산역,평일,73,379000730,1,서북동마을,14:10,시각 미산출(중간경유),2026-09-28
비교: 진동환승센터 일대(반경 300m),생활권→마산역,평일,73,379000730,1,서북동마을,15:55,시각 미산출(중간경유),2026-09-28
비교: 진동환승센터 일대(반경 300m),생활권→마산역,평일,73,379000730,1,서북동마을,17:40,시각 미산출(중간경유),2026-09-28
비교: 진동환승센터 일대(반경 300m),생활권→마산역,평일,73,379000730,1,서북동마을,19:25,시각 미산출(중간경유),2026-09-28
비교: 진동환승센터 일대(반경 300m),생활권→마산역,평일,73,379000730,1,서북동마을,21:30,시각 미산출(중간경유),2026-09-28
비교: 진동환승센터 일대(반경 300m),생활권→마산역,일·공휴일,73,379000730,1,서북동마을,05:45,시각 미산출(중간경유),2026-10-03
비교: 진동환승센터 일대(반경 300m),생활권→마산역,일·공휴일,73,379000730,1,서북동마을,07:10,시각 미산출(중간경유),2026-10-03
비교: 진동환승센터 일대(반경 300m),생활권→마산역,일·공휴일,73,379000730,1,서북동마을,08:55,시각 미산출(중간경유),2026-10-03
비교: 진동환승센터 일대(반경 300m),생활권→마산역,일·공휴일,73,379000730,1,서북동마을,10:40,시각 미산출(중간경유),2026-10-03
비교: 진동환승센터 일대(반경 300m),생활권→마산역,일·공휴일,73,379000730,1,서북동마을,12:25,시각 미산출(중간경유),2026-10-03
비교: 진동환승센터 일대(반경 300m),생활권→마산역,일·공휴일,73,379000730,1,서북동마을,14:10,시각 미산출(중간경유),2026-10-03
비교: 진동환승센터 일대(반경 300m),생활권→마산역,일·공휴일,73,379000730,1,서북동마을,15:55,시각 미산출(중간경유),2026-10-03
비교: 진동환승센터 일대(반경 300m),생활권→마산역,일·공휴일,73,379000730,1,서북동마을,17:40,시각 미산출(중간경유),2026-10-03
비교: 진동환승센터 일대(반경 300m),생활권→마산역,일·공휴일,73,379000730,1,서북동마을,19:25,시각 미산출(중간경유),2026-10-03
비교: 진동환승센터 일대(반경 300m),생활권→마산역,일·공휴일,73,379000730,1,서북동마을,21:30,시각 미산출(중간경유),2026-10-03
비교: 진동환승센터 일대(반경 300m),생활권→마산역,평일,74,379000740,1,정곡종점,06:05,시각 미산출(중간경유),2026-09-28
비교: 진동환승센터 일대(반경 300m),생활권→마산역,평일,74,379000740,1,정곡종점,08:45,시각 미산출(중간경유),2026-09-28
비교: 진동환승센터 일대(반경 300m),생활권→마산역,평일,74,379000740,1,정곡종점,11:25,시각 미산출(중간경유),2026-09-28
비교: 진동환승센터 일대(반경 300m),생활권→마산역,평일,74,379000740,1,정곡종점,14:05,시각 미산출(중간경유),2026-09-28
비교: 진동환승센터 일대(반경 300m),생활권→마산역,평일,74,379000740,1,정곡종점,16:45,시각 미산출(중간경유),2026-09-28
비교: 진동환승센터 일대(반경 300m),생활권→마산역,평일,74,379000740,1,정곡종점,19:25,시각 미산출(중간경유),2026-09-28
비교: 진동환승센터 일대(반경 300m),생활권→마산역,평일,74,379000740,1,정곡종점,22:00,시각 미산출(중간경유),2026-09-28
비교: 진동환승센터 일대(반경 300m),생활권→마산역,일·공휴일,74,379000740,1,정곡종점,06:05,시각 미산출(중간경유),2026-10-03
비교: 진동환승센터 일대(반경 300m),생활권→마산역,일·공휴일,74,379000740,1,정곡종점,08:45,시각 미산출(중간경유),2026-10-03
비교: 진동환승센터 일대(반경 300m),생활권→마산역,일·공휴일,74,379000740,1,정곡종점,11:25,시각 미산출(중간경유),2026-10-03
비교: 진동환승센터 일대(반경 300m),생활권→마산역,일·공휴일,74,379000740,1,정곡종점,14:05,시각 미산출(중간경유),2026-10-03
비교: 진동환승센터 일대(반경 300m),생활권→마산역,일·공휴일,74,379000740,1,정곡종점,16:45,시각 미산출(중간경유),2026-10-03
비교: 진동환승센터 일대(반경 300m),생활권→마산역,일·공휴일,74,379000740,1,정곡종점,19:25,시각 미산출(중간경유),2026-10-03
비교: 진동환승센터 일대(반경 300m),생활권→마산역,일·공휴일,74,379000740,1,정곡종점,22:00,시각 미산출(중간경유),2026-10-03
비교: 진동환승센터 일대(반경 300m),생활권→마산역,평일,75,379000750,1,상평종점,06:30,시각 미산출(중간경유),2026-09-28
비교: 진동환승센터 일대(반경 300m),생활권→마산역,평일,75,379000750,1,상평종점,10:10,시각 미산출(중간경유),2026-09-28
비교: 진동환승센터 일대(반경 300m),생활권→마산역,평일,75,379000750,1,상평종점,13:55,시각 미산출(중간경유),2026-09-28
비교: 진동환승센터 일대(반경 300m),생활권→마산역,평일,75,379000750,1,상평종점,17:45,시각 미산출(중간경유),2026-09-28
비교: 진동환승센터 일대(반경 300m),생활권→마산역,평일,75,379000750,1,상평종점,21:30,시각 미산출(중간경유),2026-09-28
비교: 진동환승센터 일대(반경 300m),생활권→마산역,일·공휴일,75,379000750,1,상평종점,06:30,시각 미산출(중간경유),2026-10-03
비교: 진동환승센터 일대(반경 300m),생활권→마산역,일·공휴일,75,379000750,1,상평종점,10:10,시각 미산출(중간경유),2026-10-03
비교: 진동환승센터 일대(반경 300m),생활권→마산역,일·공휴일,75,379000750,1,상평종점,13:55,시각 미산출(중간경유),2026-10-03
비교: 진동환승센터 일대(반경 300m),생활권→마산역,일·공휴일,75,379000750,1,상평종점,17:45,시각 미산출(중간경유),2026-10-03
비교: 진동환승센터 일대(반경 300m),생활권→마산역,일·공휴일,75,379000750,1,상평종점,21:30,시각 미산출(중간경유),2026-10-03
비교: 진동환승센터 일대(반경 300m),생활권→마산역,평일,76,379000760,1,둔덕종점,06:00,시각 미산출(중간경유),2026-09-28
비교: 진동환승센터 일대(반경 300m),생활권→마산역,평일,76,379000760,1,둔덕종점,09:35,시각 미산출(중간경유),2026-09-28
비교: 진동환승센터 일대(반경 300m),생활권→마산역,평일,76,379000760,1,둔덕종점,13:15,시각 미산출(중간경유),2026-09-28
비교: 진동환승센터 일대(반경 300m),생활권→마산역,평일,76,379000760,1,둔덕종점,16:30,시각 미산출(중간경유),2026-09-28
비교: 진동환승센터 일대(반경 300m),생활권→마산역,평일,76,379000760,1,둔덕종점,20:00,시각 미산출(중간경유),2026-09-28
비교: 진동환승센터 일대(반경 300m),생활권→마산역,일·공휴일,76,379000760,1,둔덕종점,06:00,시각 미산출(중간경유),2026-10-03
비교: 진동환승센터 일대(반경 300m),생활권→마산역,일·공휴일,76,379000760,1,둔덕종점,09:35,시각 미산출(중간경유),2026-10-03
비교: 진동환승센터 일대(반경 300m),생활권→마산역,일·공휴일,76,379000760,1,둔덕종점,13:15,시각 미산출(중간경유),2026-10-03
비교: 진동환승센터 일대(반경 300m),생활권→마산역,일·공휴일,76,379000760,1,둔덕종점,16:30,시각 미산출(중간경유),2026-10-03
비교: 진동환승센터 일대(반경 300m),생활권→마산역,일·공휴일,76,379000760,1,둔덕종점,20:00,시각 미산출(중간경유),2026-10-03
비교: 진동환승센터 일대(반경 300m),생활권→마산역,평일,77,379000770,1,시락정곡종점,05:40,시각 미산출(중간경유),2026-09-28
비교: 진동환승센터 일대(반경 300m),생활권→마산역,평일,77,379000770,1,시락정곡종점,09:40,시각 미산출(중간경유),2026-09-28
비교: 진동환승센터 일대(반경 300m),생활권→마산역,평일,77,379000770,1,시락정곡종점,14:30,시각 미산출(중간경유),2026-09-28
비교: 진동환승센터 일대(반경 300m),생활권→마산역,평일,77,379000770,1,시락정곡종점,18:45,시각 미산출(중간경유),2026-09-28
비교: 진동환승센터 일대(반경 300m),생활권→마산역,평일,77,379000770,1,시락정곡종점,21:50,시각 미산출(중간경유),2026-09-28
비교: 진동환승센터 일대(반경 300m),생활권→마산역,일·공휴일,77,379000770,1,시락정곡종점,05:40,시각 미산출(중간경유),2026-10-03
비교: 진동환승센터 일대(반경 300m),생활권→마산역,일·공휴일,77,379000770,1,시락정곡종점,09:40,시각 미산출(중간경유),2026-10-03
비교: 진동환승센터 일대(반경 300m),생활권→마산역,일·공휴일,77,379000770,1,시락정곡종점,14:30,시각 미산출(중간경유),2026-10-03
비교: 진동환승센터 일대(반경 300m),생활권→마산역,일·공휴일,77,379000770,1,시락정곡종점,18:45,시각 미산출(중간경유),2026-10-03
비교: 진동환승센터 일대(반경 300m),생활권→마산역,일·공휴일,77,379000770,1,시락정곡종점,21:50,시각 미산출(중간경유),2026-10-03
비교: 진동환승센터 일대(반경 300m),생활권→마산역,평일,78,379000780,1,선두종점,05:30,시각 미산출(중간경유),2026-09-28
비교: 진동환승센터 일대(반경 300m),생활권→마산역,평일,78,379000780,1,선두종점,08:00,시각 미산출(중간경유),2026-09-28
비교: 진동환승센터 일대(반경 300m),생활권→마산역,평일,78,379000780,1,선두종점,11:10,시각 미산출(중간경유),2026-09-28
비교: 진동환승센터 일대(반경 300m),생활권→마산역,평일,78,379000780,1,선두종점,14:05,시각 미산출(중간경유),2026-09-28
비교: 진동환승센터 일대(반경 300m),생활권→마산역,평일,78,379000780,1,선두종점,17:10,시각 미산출(중간경유),2026-09-28
비교: 진동환승센터 일대(반경 300m),생활권→마산역,평일,78,379000780,1,선두종점,20:05,시각 미산출(중간경유),2026-09-28
비교: 진동환승센터 일대(반경 300m),생활권→마산역,일·공휴일,78,379000780,1,선두종점,05:30,시각 미산출(중간경유),2026-10-03
비교: 진동환승센터 일대(반경 300m),생활권→마산역,일·공휴일,78,379000780,1,선두종점,08:00,시각 미산출(중간경유),2026-10-03
비교: 진동환승센터 일대(반경 300m),생활권→마산역,일·공휴일,78,379000780,1,선두종점,11:10,시각 미산출(중간경유),2026-10-03
비교: 진동환승센터 일대(반경 300m),생활권→마산역,일·공휴일,78,379000780,1,선두종점,14:05,시각 미산출(중간경유),2026-10-03
비교: 진동환승센터 일대(반경 300m),생활권→마산역,일·공휴일,78,379000780,1,선두종점,17:10,시각 미산출(중간경유),2026-10-03
비교: 진동환승센터 일대(반경 300m),생활권→마산역,일·공휴일,78,379000780,1,선두종점,20:05,시각 미산출(중간경유),2026-10-03
비교: 진동환승센터 일대(반경 300m),생활권→마산역,평일,80,379000800,0,진동환승센터,05:30,~07시,2026-09-28
비교: 진동환승센터 일대(반경 300m),생활권→마산역,평일,80,379000800,0,진동환승센터,06:08,~07시,2026-09-28
비교: 진동환승센터 일대(반경 300m),생활권→마산역,평일,80,379000800,0,진동환승센터,06:46,~07시,2026-09-28
비교: 진동환승센터 일대(반경 300m),생활권→마산역,평일,80,379000800,0,진동환승센터,07:24,07–09시,2026-09-28
비교: 진동환승센터 일대(반경 300m),생활권→마산역,평일,80,379000800,0,진동환승센터,08:02,07–09시,2026-09-28
비교: 진동환승센터 일대(반경 300m),생활권→마산역,평일,80,379000800,0,진동환승센터,08:40,07–09시,2026-09-28
비교: 진동환승센터 일대(반경 300m),생활권→마산역,평일,80,379000800,0,진동환승센터,09:18,09–12시,2026-09-28
비교: 진동환승센터 일대(반경 300m),생활권→마산역,평일,80,379000800,0,진동환승센터,09:56,09–12시,2026-09-28
비교: 진동환승센터 일대(반경 300m),생활권→마산역,평일,80,379000800,0,진동환승센터,10:34,09–12시,2026-09-28
비교: 진동환승센터 일대(반경 300m),생활권→마산역,평일,80,379000800,0,진동환승센터,11:12,09–12시,2026-09-28
비교: 진동환승센터 일대(반경 300m),생활권→마산역,평일,80,379000800,0,진동환승센터,11:50,09–12시,2026-09-28
비교: 진동환승센터 일대(반경 300m),생활권→마산역,평일,80,379000800,0,진동환승센터,12:28,12–15시,2026-09-28
비교: 진동환승센터 일대(반경 300m),생활권→마산역,평일,80,379000800,0,진동환승센터,13:06,12–15시,2026-09-28
비교: 진동환승센터 일대(반경 300m),생활권→마산역,평일,80,379000800,0,진동환승센터,13:44,12–15시,2026-09-28
비교: 진동환승센터 일대(반경 300m),생활권→마산역,평일,80,379000800,0,진동환승센터,14:22,12–15시,2026-09-28
비교: 진동환승센터 일대(반경 300m),생활권→마산역,평일,80,379000800,0,진동환승센터,15:00,15–18시,2026-09-28
비교: 진동환승센터 일대(반경 300m),생활권→마산역,평일,80,379000800,0,진동환승센터,15:38,15–18시,2026-09-28
비교: 진동환승센터 일대(반경 300m),생활권→마산역,평일,80,379000800,0,진동환승센터,16:16,15–18시,2026-09-28
비교: 진동환승센터 일대(반경 300m),생활권→마산역,평일,80,379000800,0,진동환승센터,16:54,15–18시,2026-09-28
비교: 진동환승센터 일대(반경 300m),생활권→마산역,평일,80,379000800,0,진동환승센터,17:32,15–18시,2026-09-28
비교: 진동환승센터 일대(반경 300m),생활권→마산역,평일,80,379000800,0,진동환승센터,18:10,18–20시,2026-09-28
비교: 진동환승센터 일대(반경 300m),생활권→마산역,평일,80,379000800,0,진동환승센터,18:48,18–20시,2026-09-28
비교: 진동환승센터 일대(반경 300m),생활권→마산역,평일,80,379000800,0,진동환승센터,19:26,18–20시,2026-09-28
비교: 진동환승센터 일대(반경 300m),생활권→마산역,평일,80,379000800,0,진동환승센터,20:04,20시~,2026-09-28
비교: 진동환승센터 일대(반경 300m),생활권→마산역,평일,80,379000800,0,진동환승센터,20:42,20시~,2026-09-28
비교: 진동환승센터 일대(반경 300m),생활권→마산역,평일,80,379000800,0,진동환승센터,21:20,20시~,2026-09-28
비교: 진동환승센터 일대(반경 300m),생활권→마산역,평일,80,379000800,0,진동환승센터,21:58,20시~,2026-09-28
비교: 진동환승센터 일대(반경 300m),생활권→마산역,평일,80,379000800,0,진동환승센터,22:40,20시~,2026-09-28
비교: 진동환승센터 일대(반경 300m),생활권→마산역,일·공휴일,80,379000800,0,진동환승센터,05:30,~07시,2026-10-03
비교: 진동환승센터 일대(반경 300m),생활권→마산역,일·공휴일,80,379000800,0,진동환승센터,06:16,~07시,2026-10-03
비교: 진동환승센터 일대(반경 300m),생활권→마산역,일·공휴일,80,379000800,0,진동환승센터,07:02,07–09시,2026-10-03
비교: 진동환승센터 일대(반경 300m),생활권→마산역,일·공휴일,80,379000800,0,진동환승센터,07:48,07–09시,2026-10-03
비교: 진동환승센터 일대(반경 300m),생활권→마산역,일·공휴일,80,379000800,0,진동환승센터,08:35,07–09시,2026-10-03
비교: 진동환승센터 일대(반경 300m),생활권→마산역,일·공휴일,80,379000800,0,진동환승센터,09:24,09–12시,2026-10-03
비교: 진동환승센터 일대(반경 300m),생활권→마산역,일·공휴일,80,379000800,0,진동환승센터,10:13,09–12시,2026-10-03
비교: 진동환승센터 일대(반경 300m),생활권→마산역,일·공휴일,80,379000800,0,진동환승센터,11:02,09–12시,2026-10-03
비교: 진동환승센터 일대(반경 300m),생활권→마산역,일·공휴일,80,379000800,0,진동환승센터,11:51,09–12시,2026-10-03
비교: 진동환승센터 일대(반경 300m),생활권→마산역,일·공휴일,80,379000800,0,진동환승센터,12:40,12–15시,2026-10-03
비교: 진동환승센터 일대(반경 300m),생활권→마산역,일·공휴일,80,379000800,0,진동환승센터,13:29,12–15시,2026-10-03
비교: 진동환승센터 일대(반경 300m),생활권→마산역,일·공휴일,80,379000800,0,진동환승센터,14:18,12–15시,2026-10-03
비교: 진동환승센터 일대(반경 300m),생활권→마산역,일·공휴일,80,379000800,0,진동환승센터,15:07,15–18시,2026-10-03
비교: 진동환승센터 일대(반경 300m),생활권→마산역,일·공휴일,80,379000800,0,진동환승센터,15:56,15–18시,2026-10-03
비교: 진동환승센터 일대(반경 300m),생활권→마산역,일·공휴일,80,379000800,0,진동환승센터,16:45,15–18시,2026-10-03
비교: 진동환승센터 일대(반경 300m),생활권→마산역,일·공휴일,80,379000800,0,진동환승센터,17:34,15–18시,2026-10-03
비교: 진동환승센터 일대(반경 300m),생활권→마산역,일·공휴일,80,379000800,0,진동환승센터,18:23,18–20시,2026-10-03
비교: 진동환승센터 일대(반경 300m),생활권→마산역,일·공휴일,80,379000800,0,진동환승센터,19:12,18–20시,2026-10-03
비교: 진동환승센터 일대(반경 300m),생활권→마산역,일·공휴일,80,379000800,0,진동환승센터,20:01,20시~,2026-10-03
비교: 진동환승센터 일대(반경 300m),생활권→마산역,일·공휴일,80,379000800,0,진동환승센터,20:50,20시~,2026-10-03
비교: 진동환승센터 일대(반경 300m),생활권→마산역,일·공휴일,80,379000800,0,진동환승센터,21:40,20시~,2026-10-03
비교: 진동환승센터 일대(반경 300m),생활권→마산역,일·공휴일,80,379000800,0,진동환승센터,22:40,20시~,2026-10-03
비교: 진동환승센터 일대(반경 300m),생활권→마산역,평일,65-1,379006510,1,로봇랜드(입구),08:45,시각 미산출(중간경유),2026-09-28
비교: 진동환승센터 일대(반경 300m),생활권→마산역,평일,65-1,379006510,1,로봇랜드(입구),11:10,시각 미산출(중간경유),2026-09-28
비교: 진동환승센터 일대(반경 300m),생활권→마산역,평일,65-1,379006510,1,로봇랜드(입구),12:20,시각 미산출(중간경유),2026-09-28
비교: 진동환승센터 일대(반경 300m),생활권→마산역,평일,65-1,379006510,1,로봇랜드(입구),15:40,시각 미산출(중간경유),2026-09-28
비교: 진동환승센터 일대(반경 300m),생활권→마산역,평일,65-1,379006510,1,로봇랜드(입구),16:50,시각 미산출(중간경유),2026-09-28
비교: 진동환승센터 일대(반경 300m),생활권→마산역,평일,65-1,379006510,1,로봇랜드(입구),19:30,시각 미산출(중간경유),2026-09-28
비교: 진동환승센터 일대(반경 300m),생활권→마산역,일·공휴일,65-1,379006510,1,로봇랜드(입구),08:45,시각 미산출(중간경유),2026-10-03
비교: 진동환승센터 일대(반경 300m),생활권→마산역,일·공휴일,65-1,379006510,1,로봇랜드(입구),11:10,시각 미산출(중간경유),2026-10-03
비교: 진동환승센터 일대(반경 300m),생활권→마산역,일·공휴일,65-1,379006510,1,로봇랜드(입구),12:20,시각 미산출(중간경유),2026-10-03
비교: 진동환승센터 일대(반경 300m),생활권→마산역,일·공휴일,65-1,379006510,1,로봇랜드(입구),15:40,시각 미산출(중간경유),2026-10-03
비교: 진동환승센터 일대(반경 300m),생활권→마산역,일·공휴일,65-1,379006510,1,로봇랜드(입구),16:50,시각 미산출(중간경유),2026-10-03
비교: 진동환승센터 일대(반경 300m),생활권→마산역,일·공휴일,65-1,379006510,1,로봇랜드(입구),19:30,시각 미산출(중간경유),2026-10-03
비교: 진동환승센터 일대(반경 300m),생활권→마산역,평일,3003,379030030,1,진동환승센터,05:35,~07시,2026-09-28
비교: 진동환승센터 일대(반경 300m),생활권→마산역,평일,3003,379030030,1,진동환승센터,06:32,~07시,2026-09-28
비교: 진동환승센터 일대(반경 300m),생활권→마산역,평일,3003,379030030,1,진동환승센터,07:30,07–09시,2026-09-28
비교: 진동환승센터 일대(반경 300m),생활권→마산역,평일,3003,379030030,1,진동환승센터,08:25,07–09시,2026-09-28
비교: 진동환승센터 일대(반경 300m),생활권→마산역,평일,3003,379030030,1,진동환승센터,09:23,09–12시,2026-09-28
비교: 진동환승센터 일대(반경 300m),생활권→마산역,평일,3003,379030030,1,진동환승센터,10:20,09–12시,2026-09-28
비교: 진동환승센터 일대(반경 300m),생활권→마산역,평일,3003,379030030,1,진동환승센터,11:15,09–12시,2026-09-28
비교: 진동환승센터 일대(반경 300m),생활권→마산역,평일,3003,379030030,1,진동환승센터,12:13,12–15시,2026-09-28
비교: 진동환승센터 일대(반경 300m),생활권→마산역,평일,3003,379030030,1,진동환승센터,13:05,12–15시,2026-09-28
비교: 진동환승센터 일대(반경 300m),생활권→마산역,평일,3003,379030030,1,진동환승센터,14:45,12–15시,2026-09-28
비교: 진동환승센터 일대(반경 300m),생활권→마산역,평일,3003,379030030,1,진동환승센터,15:43,15–18시,2026-09-28
비교: 진동환승센터 일대(반경 300m),생활권→마산역,평일,3003,379030030,1,진동환승센터,16:40,15–18시,2026-09-28
비교: 진동환승센터 일대(반경 300m),생활권→마산역,평일,3003,379030030,1,진동환승센터,17:35,15–18시,2026-09-28
비교: 진동환승센터 일대(반경 300m),생활권→마산역,평일,3003,379030030,1,진동환승센터,18:33,18–20시,2026-09-28
비교: 진동환승센터 일대(반경 300m),생활권→마산역,평일,3003,379030030,1,진동환승센터,19:40,18–20시,2026-09-28
비교: 진동환승센터 일대(반경 300m),생활권→마산역,평일,3003,379030030,1,진동환승센터,20:35,20시~,2026-09-28
비교: 진동환승센터 일대(반경 300m),생활권→마산역,평일,3003,379030030,1,진동환승센터,21:33,20시~,2026-09-28
비교: 진동환승센터 일대(반경 300m),생활권→마산역,평일,3003,379030030,1,진동환승센터,22:30,20시~,2026-09-28
비교: 진동환승센터 일대(반경 300m),생활권→마산역,일·공휴일,3003,379030030,1,진동환승센터,05:35,~07시,2026-10-03
비교: 진동환승센터 일대(반경 300m),생활권→마산역,일·공휴일,3003,379030030,1,진동환승센터,06:32,~07시,2026-10-03
비교: 진동환승센터 일대(반경 300m),생활권→마산역,일·공휴일,3003,379030030,1,진동환승센터,07:30,07–09시,2026-10-03
비교: 진동환승센터 일대(반경 300m),생활권→마산역,일·공휴일,3003,379030030,1,진동환승센터,08:25,07–09시,2026-10-03
비교: 진동환승센터 일대(반경 300m),생활권→마산역,일·공휴일,3003,379030030,1,진동환승센터,09:23,09–12시,2026-10-03
비교: 진동환승센터 일대(반경 300m),생활권→마산역,일·공휴일,3003,379030030,1,진동환승센터,10:20,09–12시,2026-10-03
비교: 진동환승센터 일대(반경 300m),생활권→마산역,일·공휴일,3003,379030030,1,진동환승센터,11:15,09–12시,2026-10-03
비교: 진동환승센터 일대(반경 300m),생활권→마산역,일·공휴일,3003,379030030,1,진동환승센터,12:13,12–15시,2026-10-03
비교: 진동환승센터 일대(반경 300m),생활권→마산역,일·공휴일,3003,379030030,1,진동환승센터,13:05,12–15시,2026-10-03
비교: 진동환승센터 일대(반경 300m),생활권→마산역,일·공휴일,3003,379030030,1,진동환승센터,14:45,12–15시,2026-10-03
비교: 진동환승센터 일대(반경 300m),생활권→마산역,일·공휴일,3003,379030030,1,진동환승센터,15:43,15–18시,2026-10-03
비교: 진동환승센터 일대(반경 300m),생활권→마산역,일·공휴일,3003,379030030,1,진동환승센터,16:40,15–18시,2026-10-03
비교: 진동환승센터 일대(반경 300m),생활권→마산역,일·공휴일,3003,379030030,1,진동환승센터,17:35,15–18시,2026-10-03
비교: 진동환승센터 일대(반경 300m),생활권→마산역,일·공휴일,3003,379030030,1,진동환승센터,18:33,18–20시,2026-10-03
비교: 진동환승센터 일대(반경 300m),생활권→마산역,일·공휴일,3003,379030030,1,진동환승센터,19:40,18–20시,2026-10-03
비교: 진동환승센터 일대(반경 300m),생활권→마산역,일·공휴일,3003,379030030,1,진동환승센터,20:35,20시~,2026-10-03
비교: 진동환승센터 일대(반경 300m),생활권→마산역,일·공휴일,3003,379030030,1,진동환승센터,21:33,20시~,2026-10-03
비교: 진동환승센터 일대(반경 300m),생활권→마산역,일·공휴일,3003,379030030,1,진동환승센터,22:30,20시~,2026-10-03
비교: 진동환승센터 일대(반경 300m),마산역→생활권,평일,64,379000640,0,마산역종점,05:50,~07시,2026-09-28
비교: 진동환승센터 일대(반경 300m),마산역→생활권,평일,64,379000640,0,마산역종점,10:10,09–12시,2026-09-28
비교: 진동환승센터 일대(반경 300m),마산역→생활권,평일,64,379000640,0,마산역종점,14:10,12–15시,2026-09-28
비교: 진동환승센터 일대(반경 300m),마산역→생활권,평일,64,379000640,0,마산역종점,18:20,18–20시,2026-09-28
비교: 진동환승센터 일대(반경 300m),마산역→생활권,일·공휴일,64,379000640,0,마산역종점,05:50,~07시,2026-10-03
비교: 진동환승센터 일대(반경 300m),마산역→생활권,일·공휴일,64,379000640,0,마산역종점,10:10,09–12시,2026-10-03
비교: 진동환승센터 일대(반경 300m),마산역→생활권,일·공휴일,64,379000640,0,마산역종점,14:10,12–15시,2026-10-03
비교: 진동환승센터 일대(반경 300m),마산역→생활권,일·공휴일,64,379000640,0,마산역종점,18:20,18–20시,2026-10-03
비교: 진동환승센터 일대(반경 300m),마산역→생활권,평일,64-1,379000641,0,유니시티2단지,07:50,시각 미산출(중간경유),2026-09-28
비교: 진동환승센터 일대(반경 300m),마산역→생활권,평일,64-1,379000641,0,유니시티2단지,12:50,시각 미산출(중간경유),2026-09-28
비교: 진동환승센터 일대(반경 300m),마산역→생활권,평일,64-1,379000641,0,유니시티2단지,17:40,시각 미산출(중간경유),2026-09-28
비교: 진동환승센터 일대(반경 300m),마산역→생활권,일·공휴일,64-1,379000641,0,유니시티2단지,07:50,시각 미산출(중간경유),2026-10-03
비교: 진동환승센터 일대(반경 300m),마산역→생활권,일·공휴일,64-1,379000641,0,유니시티2단지,12:50,시각 미산출(중간경유),2026-10-03
비교: 진동환승센터 일대(반경 300m),마산역→생활권,일·공휴일,64-1,379000641,0,유니시티2단지,17:40,시각 미산출(중간경유),2026-10-03
비교: 진동환승센터 일대(반경 300m),마산역→생활권,평일,65,379000650,0,유니시티2단지,06:10,시각 미산출(중간경유),2026-09-28
비교: 진동환승센터 일대(반경 300m),마산역→생활권,평일,65,379000650,0,유니시티2단지,06:45,시각 미산출(중간경유),2026-09-28
비교: 진동환승센터 일대(반경 300m),마산역→생활권,평일,65,379000650,0,유니시티2단지,08:10,시각 미산출(중간경유),2026-09-28
비교: 진동환승센터 일대(반경 300m),마산역→생활권,평일,65,379000650,0,유니시티2단지,10:00,시각 미산출(중간경유),2026-09-28
비교: 진동환승센터 일대(반경 300m),마산역→생활권,평일,65,379000650,0,유니시티2단지,11:20,시각 미산출(중간경유),2026-09-28
비교: 진동환승센터 일대(반경 300m),마산역→생활권,평일,65,379000650,0,유니시티2단지,13:55,시각 미산출(중간경유),2026-09-28
비교: 진동환승센터 일대(반경 300m),마산역→생활권,평일,65,379000650,0,유니시티2단지,16:00,시각 미산출(중간경유),2026-09-28
비교: 진동환승센터 일대(반경 300m),마산역→생활권,평일,65,379000650,0,유니시티2단지,16:50,시각 미산출(중간경유),2026-09-28
비교: 진동환승센터 일대(반경 300m),마산역→생활권,평일,65,379000650,0,유니시티2단지,18:50,시각 미산출(중간경유),2026-09-28
비교: 진동환승센터 일대(반경 300m),마산역→생활권,평일,65,379000650,0,유니시티2단지,19:20,시각 미산출(중간경유),2026-09-28
비교: 진동환승센터 일대(반경 300m),마산역→생활권,평일,65,379000650,0,유니시티2단지,20:50,시각 미산출(중간경유),2026-09-28
비교: 진동환승센터 일대(반경 300m),마산역→생활권,일·공휴일,65,379000650,0,유니시티2단지,06:10,시각 미산출(중간경유),2026-10-03
비교: 진동환승센터 일대(반경 300m),마산역→생활권,일·공휴일,65,379000650,0,유니시티2단지,06:45,시각 미산출(중간경유),2026-10-03
비교: 진동환승센터 일대(반경 300m),마산역→생활권,일·공휴일,65,379000650,0,유니시티2단지,08:10,시각 미산출(중간경유),2026-10-03
비교: 진동환승센터 일대(반경 300m),마산역→생활권,일·공휴일,65,379000650,0,유니시티2단지,10:00,시각 미산출(중간경유),2026-10-03
비교: 진동환승센터 일대(반경 300m),마산역→생활권,일·공휴일,65,379000650,0,유니시티2단지,11:20,시각 미산출(중간경유),2026-10-03
비교: 진동환승센터 일대(반경 300m),마산역→생활권,일·공휴일,65,379000650,0,유니시티2단지,13:55,시각 미산출(중간경유),2026-10-03
비교: 진동환승센터 일대(반경 300m),마산역→생활권,일·공휴일,65,379000650,0,유니시티2단지,16:00,시각 미산출(중간경유),2026-10-03
비교: 진동환승센터 일대(반경 300m),마산역→생활권,일·공휴일,65,379000650,0,유니시티2단지,16:50,시각 미산출(중간경유),2026-10-03
비교: 진동환승센터 일대(반경 300m),마산역→생활권,일·공휴일,65,379000650,0,유니시티2단지,18:50,시각 미산출(중간경유),2026-10-03
비교: 진동환승센터 일대(반경 300m),마산역→생활권,일·공휴일,65,379000650,0,유니시티2단지,19:20,시각 미산출(중간경유),2026-10-03
비교: 진동환승센터 일대(반경 300m),마산역→생활권,일·공휴일,65,379000650,0,유니시티2단지,20:50,시각 미산출(중간경유),2026-10-03
비교: 진동환승센터 일대(반경 300m),마산역→생활권,평일,65,379000658,0,유니시티2단지,16:00,시각 미산출(중간경유),2026-09-28
비교: 진동환승센터 일대(반경 300m),마산역→생활권,일·공휴일,65,379000658,0,유니시티2단지,16:00,시각 미산출(중간경유),2026-10-03
비교: 진동환승센터 일대(반경 300m),마산역→생활권,평일,71,379000710,1,창원역,06:11,시각 미산출(중간경유),2026-09-28
비교: 진동환승센터 일대(반경 300m),마산역→생활권,평일,71,379000710,1,창원역,06:44,시각 미산출(중간경유),2026-09-28
비교: 진동환승센터 일대(반경 300m),마산역→생활권,평일,71,379000710,1,창원역,07:23,시각 미산출(중간경유),2026-09-28
비교: 진동환승센터 일대(반경 300m),마산역→생활권,평일,71,379000710,1,창원역,08:02,시각 미산출(중간경유),2026-09-28
비교: 진동환승센터 일대(반경 300m),마산역→생활권,평일,71,379000710,1,창원역,08:41,시각 미산출(중간경유),2026-09-28
비교: 진동환승센터 일대(반경 300m),마산역→생활권,평일,71,379000710,1,창원역,09:20,시각 미산출(중간경유),2026-09-28
비교: 진동환승센터 일대(반경 300m),마산역→생활권,평일,71,379000710,1,창원역,09:59,시각 미산출(중간경유),2026-09-28
비교: 진동환승센터 일대(반경 300m),마산역→생활권,평일,71,379000710,1,창원역,10:38,시각 미산출(중간경유),2026-09-28
비교: 진동환승센터 일대(반경 300m),마산역→생활권,평일,71,379000710,1,창원역,11:17,시각 미산출(중간경유),2026-09-28
비교: 진동환승센터 일대(반경 300m),마산역→생활권,평일,71,379000710,1,창원역,11:56,시각 미산출(중간경유),2026-09-28
비교: 진동환승센터 일대(반경 300m),마산역→생활권,평일,71,379000710,1,창원역,12:35,시각 미산출(중간경유),2026-09-28
비교: 진동환승센터 일대(반경 300m),마산역→생활권,평일,71,379000710,1,창원역,13:14,시각 미산출(중간경유),2026-09-28
비교: 진동환승센터 일대(반경 300m),마산역→생활권,평일,71,379000710,1,창원역,14:18,시각 미산출(중간경유),2026-09-28
비교: 진동환승센터 일대(반경 300m),마산역→생활권,평일,71,379000710,1,창원역,14:57,시각 미산출(중간경유),2026-09-28
비교: 진동환승센터 일대(반경 300m),마산역→생활권,평일,71,379000710,1,창원역,15:36,시각 미산출(중간경유),2026-09-28
비교: 진동환승센터 일대(반경 300m),마산역→생활권,평일,71,379000710,1,창원역,16:15,시각 미산출(중간경유),2026-09-28
비교: 진동환승센터 일대(반경 300m),마산역→생활권,평일,71,379000710,1,창원역,16:54,시각 미산출(중간경유),2026-09-28
비교: 진동환승센터 일대(반경 300m),마산역→생활권,평일,71,379000710,1,창원역,17:33,시각 미산출(중간경유),2026-09-28
비교: 진동환승센터 일대(반경 300m),마산역→생활권,평일,71,379000710,1,창원역,18:12,시각 미산출(중간경유),2026-09-28
비교: 진동환승센터 일대(반경 300m),마산역→생활권,평일,71,379000710,1,창원역,18:51,시각 미산출(중간경유),2026-09-28
비교: 진동환승센터 일대(반경 300m),마산역→생활권,평일,71,379000710,1,창원역,19:30,시각 미산출(중간경유),2026-09-28
비교: 진동환승센터 일대(반경 300m),마산역→생활권,평일,71,379000710,1,창원역,20:09,시각 미산출(중간경유),2026-09-28
비교: 진동환승센터 일대(반경 300m),마산역→생활권,평일,71,379000710,1,창원역,21:03,시각 미산출(중간경유),2026-09-28
비교: 진동환승센터 일대(반경 300m),마산역→생활권,평일,71,379000710,1,창원역,21:38,시각 미산출(중간경유),2026-09-28
비교: 진동환승센터 일대(반경 300m),마산역→생활권,평일,71,379000710,1,창원역,22:14,시각 미산출(중간경유),2026-09-28
비교: 진동환승센터 일대(반경 300m),마산역→생활권,평일,71,379000710,1,창원역,22:50,시각 미산출(중간경유),2026-09-28
비교: 진동환승센터 일대(반경 300m),마산역→생활권,일·공휴일,71,379000710,1,창원역,06:11,시각 미산출(중간경유),2026-10-03
비교: 진동환승센터 일대(반경 300m),마산역→생활권,일·공휴일,71,379000710,1,창원역,06:44,시각 미산출(중간경유),2026-10-03
비교: 진동환승센터 일대(반경 300m),마산역→생활권,일·공휴일,71,379000710,1,창원역,07:38,시각 미산출(중간경유),2026-10-03
비교: 진동환승센터 일대(반경 300m),마산역→생활권,일·공휴일,71,379000710,1,창원역,08:30,시각 미산출(중간경유),2026-10-03
비교: 진동환승센터 일대(반경 300m),마산역→생활권,일·공휴일,71,379000710,1,창원역,09:19,시각 미산출(중간경유),2026-10-03
비교: 진동환승센터 일대(반경 300m),마산역→생활권,일·공휴일,71,379000710,1,창원역,10:08,시각 미산출(중간경유),2026-10-03
비교: 진동환승센터 일대(반경 300m),마산역→생활권,일·공휴일,71,379000710,1,창원역,10:57,시각 미산출(중간경유),2026-10-03
비교: 진동환승센터 일대(반경 300m),마산역→생활권,일·공휴일,71,379000710,1,창원역,11:45,시각 미산출(중간경유),2026-10-03
비교: 진동환승센터 일대(반경 300m),마산역→생활권,일·공휴일,71,379000710,1,창원역,12:34,시각 미산출(중간경유),2026-10-03
비교: 진동환승센터 일대(반경 300m),마산역→생활권,일·공휴일,71,379000710,1,창원역,13:23,시각 미산출(중간경유),2026-10-03
비교: 진동환승센터 일대(반경 300m),마산역→생활권,일·공휴일,71,379000710,1,창원역,14:39,시각 미산출(중간경유),2026-10-03
비교: 진동환승센터 일대(반경 300m),마산역→생활권,일·공휴일,71,379000710,1,창원역,15:27,시각 미산출(중간경유),2026-10-03
비교: 진동환승센터 일대(반경 300m),마산역→생활권,일·공휴일,71,379000710,1,창원역,16:16,시각 미산출(중간경유),2026-10-03
비교: 진동환승센터 일대(반경 300m),마산역→생활권,일·공휴일,71,379000710,1,창원역,17:05,시각 미산출(중간경유),2026-10-03
비교: 진동환승센터 일대(반경 300m),마산역→생활권,일·공휴일,71,379000710,1,창원역,17:54,시각 미산출(중간경유),2026-10-03
비교: 진동환승센터 일대(반경 300m),마산역→생활권,일·공휴일,71,379000710,1,창원역,18:42,시각 미산출(중간경유),2026-10-03
비교: 진동환승센터 일대(반경 300m),마산역→생활권,일·공휴일,71,379000710,1,창원역,19:31,시각 미산출(중간경유),2026-10-03
비교: 진동환승센터 일대(반경 300m),마산역→생활권,일·공휴일,71,379000710,1,창원역,20:20,시각 미산출(중간경유),2026-10-03
비교: 진동환승센터 일대(반경 300m),마산역→생활권,일·공휴일,71,379000710,1,창원역,21:21,시각 미산출(중간경유),2026-10-03
비교: 진동환승센터 일대(반경 300m),마산역→생활권,일·공휴일,71,379000710,1,창원역,22:06,시각 미산출(중간경유),2026-10-03
비교: 진동환승센터 일대(반경 300m),마산역→생활권,일·공휴일,71,379000710,1,창원역,22:50,시각 미산출(중간경유),2026-10-03
비교: 진동환승센터 일대(반경 300m),마산역→생활권,평일,72,379000720,0,마산역종점,06:00,~07시,2026-09-28
비교: 진동환승센터 일대(반경 300m),마산역→생활권,평일,72,379000720,0,마산역종점,07:50,07–09시,2026-09-28
비교: 진동환승센터 일대(반경 300m),마산역→생활권,평일,72,379000720,0,마산역종점,11:00,09–12시,2026-09-28
비교: 진동환승센터 일대(반경 300m),마산역→생활권,평일,72,379000720,0,마산역종점,12:10,12–15시,2026-09-28
비교: 진동환승센터 일대(반경 300m),마산역→생활권,평일,72,379000720,0,마산역종점,15:20,15–18시,2026-09-28
비교: 진동환승센터 일대(반경 300m),마산역→생활권,평일,72,379000720,0,마산역종점,17:20,15–18시,2026-09-28
비교: 진동환승센터 일대(반경 300m),마산역→생활권,평일,72,379000720,0,마산역종점,18:30,18–20시,2026-09-28
비교: 진동환승센터 일대(반경 300m),마산역→생활권,평일,72,379000720,0,마산역종점,20:30,20시~,2026-09-28
비교: 진동환승센터 일대(반경 300m),마산역→생활권,평일,72,379000720,0,마산역종점,21:40,20시~,2026-09-28
비교: 진동환승센터 일대(반경 300m),마산역→생활권,일·공휴일,72,379000720,0,마산역종점,06:00,~07시,2026-10-03
비교: 진동환승센터 일대(반경 300m),마산역→생활권,일·공휴일,72,379000720,0,마산역종점,07:50,07–09시,2026-10-03
비교: 진동환승센터 일대(반경 300m),마산역→생활권,일·공휴일,72,379000720,0,마산역종점,11:00,09–12시,2026-10-03
비교: 진동환승센터 일대(반경 300m),마산역→생활권,일·공휴일,72,379000720,0,마산역종점,12:10,12–15시,2026-10-03
비교: 진동환승센터 일대(반경 300m),마산역→생활권,일·공휴일,72,379000720,0,마산역종점,15:20,15–18시,2026-10-03
비교: 진동환승센터 일대(반경 300m),마산역→생활권,일·공휴일,72,379000720,0,마산역종점,17:20,15–18시,2026-10-03
비교: 진동환승센터 일대(반경 300m),마산역→생활권,일·공휴일,72,379000720,0,마산역종점,18:30,18–20시,2026-10-03
비교: 진동환승센터 일대(반경 300m),마산역→생활권,일·공휴일,72,379000720,0,마산역종점,20:30,20시~,2026-10-03
비교: 진동환승센터 일대(반경 300m),마산역→생활권,일·공휴일,72,379000720,0,마산역종점,21:40,20시~,2026-10-03
비교: 진동환승센터 일대(반경 300m),마산역→생활권,평일,72,379000728,0,마산역종점,09:00,09–12시,2026-09-28
비교: 진동환승센터 일대(반경 300m),마산역→생활권,평일,72,379000728,0,마산역종점,14:10,12–15시,2026-09-28
비교: 진동환승센터 일대(반경 300m),마산역→생활권,일·공휴일,72,379000728,0,마산역종점,09:00,09–12시,2026-10-03
비교: 진동환승센터 일대(반경 300m),마산역→생활권,일·공휴일,72,379000728,0,마산역종점,14:10,12–15시,2026-10-03
비교: 진동환승센터 일대(반경 300m),마산역→생활권,평일,73,379000730,0,마산역종점,05:40,~07시,2026-09-28
비교: 진동환승센터 일대(반경 300m),마산역→생활권,평일,73,379000730,0,마산역종점,07:25,07–09시,2026-09-28
비교: 진동환승센터 일대(반경 300m),마산역→생활권,평일,73,379000730,0,마산역종점,09:10,09–12시,2026-09-28
비교: 진동환승센터 일대(반경 300m),마산역→생활권,평일,73,379000730,0,마산역종점,10:55,09–12시,2026-09-28
비교: 진동환승센터 일대(반경 300m),마산역→생활권,평일,73,379000730,0,마산역종점,12:40,12–15시,2026-09-28
비교: 진동환승센터 일대(반경 300m),마산역→생활권,평일,73,379000730,0,마산역종점,14:25,12–15시,2026-09-28
비교: 진동환승센터 일대(반경 300m),마산역→생활권,평일,73,379000730,0,마산역종점,16:10,15–18시,2026-09-28
비교: 진동환승센터 일대(반경 300m),마산역→생활권,평일,73,379000730,0,마산역종점,17:55,15–18시,2026-09-28
비교: 진동환승센터 일대(반경 300m),마산역→생활권,평일,73,379000730,0,마산역종점,19:40,18–20시,2026-09-28
비교: 진동환승센터 일대(반경 300m),마산역→생활권,평일,73,379000730,0,마산역종점,21:25,20시~,2026-09-28
비교: 진동환승센터 일대(반경 300m),마산역→생활권,일·공휴일,73,379000730,0,마산역종점,05:40,~07시,2026-10-03
비교: 진동환승센터 일대(반경 300m),마산역→생활권,일·공휴일,73,379000730,0,마산역종점,07:25,07–09시,2026-10-03
비교: 진동환승센터 일대(반경 300m),마산역→생활권,일·공휴일,73,379000730,0,마산역종점,09:10,09–12시,2026-10-03
비교: 진동환승센터 일대(반경 300m),마산역→생활권,일·공휴일,73,379000730,0,마산역종점,10:55,09–12시,2026-10-03
비교: 진동환승센터 일대(반경 300m),마산역→생활권,일·공휴일,73,379000730,0,마산역종점,12:40,12–15시,2026-10-03
비교: 진동환승센터 일대(반경 300m),마산역→생활권,일·공휴일,73,379000730,0,마산역종점,14:25,12–15시,2026-10-03
비교: 진동환승센터 일대(반경 300m),마산역→생활권,일·공휴일,73,379000730,0,마산역종점,16:10,15–18시,2026-10-03
비교: 진동환승센터 일대(반경 300m),마산역→생활권,일·공휴일,73,379000730,0,마산역종점,17:55,15–18시,2026-10-03
비교: 진동환승센터 일대(반경 300m),마산역→생활권,일·공휴일,73,379000730,0,마산역종점,19:40,18–20시,2026-10-03
비교: 진동환승센터 일대(반경 300m),마산역→생활권,일·공휴일,73,379000730,0,마산역종점,21:25,20시~,2026-10-03
비교: 진동환승센터 일대(반경 300m),마산역→생활권,평일,74,379000740,0,마산역종점,07:30,07–09시,2026-09-28
비교: 진동환승센터 일대(반경 300m),마산역→생활권,평일,74,379000740,0,마산역종점,10:20,09–12시,2026-09-28
비교: 진동환승센터 일대(반경 300m),마산역→생활권,평일,74,379000740,0,마산역종점,13:00,12–15시,2026-09-28
비교: 진동환승센터 일대(반경 300m),마산역→생활권,평일,74,379000740,0,마산역종점,15:40,15–18시,2026-09-28
비교: 진동환승센터 일대(반경 300m),마산역→생활권,평일,74,379000740,0,마산역종점,18:20,18–20시,2026-09-28
비교: 진동환승센터 일대(반경 300m),마산역→생활권,평일,74,379000740,0,마산역종점,21:00,20시~,2026-09-28
비교: 진동환승센터 일대(반경 300m),마산역→생활권,일·공휴일,74,379000740,0,마산역종점,07:30,07–09시,2026-10-03
비교: 진동환승센터 일대(반경 300m),마산역→생활권,일·공휴일,74,379000740,0,마산역종점,10:20,09–12시,2026-10-03
비교: 진동환승센터 일대(반경 300m),마산역→생활권,일·공휴일,74,379000740,0,마산역종점,13:00,12–15시,2026-10-03
비교: 진동환승센터 일대(반경 300m),마산역→생활권,일·공휴일,74,379000740,0,마산역종점,15:40,15–18시,2026-10-03
비교: 진동환승센터 일대(반경 300m),마산역→생활권,일·공휴일,74,379000740,0,마산역종점,18:20,18–20시,2026-10-03
비교: 진동환승센터 일대(반경 300m),마산역→생활권,일·공휴일,74,379000740,0,마산역종점,21:00,20시~,2026-10-03
비교: 진동환승센터 일대(반경 300m),마산역→생활권,평일,75,379000750,0,마산역종점,08:35,07–09시,2026-09-28
비교: 진동환승센터 일대(반경 300m),마산역→생활권,평일,75,379000750,0,마산역종점,12:15,12–15시,2026-09-28
비교: 진동환승센터 일대(반경 300m),마산역→생활권,평일,75,379000750,0,마산역종점,16:05,15–18시,2026-09-28
비교: 진동환승센터 일대(반경 300m),마산역→생활권,평일,75,379000750,0,마산역종점,20:00,20시~,2026-09-28
비교: 진동환승센터 일대(반경 300m),마산역→생활권,일·공휴일,75,379000750,0,마산역종점,08:35,07–09시,2026-10-03
비교: 진동환승센터 일대(반경 300m),마산역→생활권,일·공휴일,75,379000750,0,마산역종점,12:15,12–15시,2026-10-03
비교: 진동환승센터 일대(반경 300m),마산역→생활권,일·공휴일,75,379000750,0,마산역종점,16:05,15–18시,2026-10-03
비교: 진동환승센터 일대(반경 300m),마산역→생활권,일·공휴일,75,379000750,0,마산역종점,20:00,20시~,2026-10-03
비교: 진동환승센터 일대(반경 300m),마산역→생활권,평일,76,379000760,0,마산역종점,07:55,07–09시,2026-09-28
비교: 진동환승센터 일대(반경 300m),마산역→생활권,평일,76,379000760,0,마산역종점,11:40,09–12시,2026-09-28
비교: 진동환승센터 일대(반경 300m),마산역→생활권,평일,76,379000760,0,마산역종점,15:00,15–18시,2026-09-28
비교: 진동환승센터 일대(반경 300m),마산역→생활권,평일,76,379000760,0,마산역종점,18:30,18–20시,2026-09-28
비교: 진동환승센터 일대(반경 300m),마산역→생활권,평일,76,379000760,0,마산역종점,21:45,20시~,2026-09-28
비교: 진동환승센터 일대(반경 300m),마산역→생활권,일·공휴일,76,379000760,0,마산역종점,07:55,07–09시,2026-10-03
비교: 진동환승센터 일대(반경 300m),마산역→생활권,일·공휴일,76,379000760,0,마산역종점,11:40,09–12시,2026-10-03
비교: 진동환승센터 일대(반경 300m),마산역→생활권,일·공휴일,76,379000760,0,마산역종점,15:00,15–18시,2026-10-03
비교: 진동환승센터 일대(반경 300m),마산역→생활권,일·공휴일,76,379000760,0,마산역종점,18:30,18–20시,2026-10-03
비교: 진동환승센터 일대(반경 300m),마산역→생활권,일·공휴일,76,379000760,0,마산역종점,21:45,20시~,2026-10-03
비교: 진동환승센터 일대(반경 300m),마산역→생활권,평일,77,379000770,0,마산역종점,07:50,07–09시,2026-09-28
비교: 진동환승센터 일대(반경 300m),마산역→생활권,평일,77,379000770,0,마산역종점,12:40,12–15시,2026-09-28
비교: 진동환승센터 일대(반경 300m),마산역→생활권,평일,77,379000770,0,마산역종점,16:55,15–18시,2026-09-28
비교: 진동환승센터 일대(반경 300m),마산역→생활권,평일,77,379000770,0,마산역종점,20:30,20시~,2026-09-28
비교: 진동환승센터 일대(반경 300m),마산역→생활권,일·공휴일,77,379000770,0,마산역종점,07:50,07–09시,2026-10-03
비교: 진동환승센터 일대(반경 300m),마산역→생활권,일·공휴일,77,379000770,0,마산역종점,12:40,12–15시,2026-10-03
비교: 진동환승센터 일대(반경 300m),마산역→생활권,일·공휴일,77,379000770,0,마산역종점,16:55,15–18시,2026-10-03
비교: 진동환승센터 일대(반경 300m),마산역→생활권,일·공휴일,77,379000770,0,마산역종점,20:30,20시~,2026-10-03
비교: 진동환승센터 일대(반경 300m),마산역→생활권,평일,78,379000780,0,마산역종점,07:00,07–09시,2026-09-28
비교: 진동환승센터 일대(반경 300m),마산역→생활권,평일,78,379000780,0,마산역종점,10:00,09–12시,2026-09-28
비교: 진동환승센터 일대(반경 300m),마산역→생활권,평일,78,379000780,0,마산역종점,12:55,12–15시,2026-09-28
비교: 진동환승센터 일대(반경 300m),마산역→생활권,평일,78,379000780,0,마산역종점,16:00,15–18시,2026-09-28
비교: 진동환승센터 일대(반경 300m),마산역→생활권,평일,78,379000780,0,마산역종점,18:55,18–20시,2026-09-28
비교: 진동환승센터 일대(반경 300m),마산역→생활권,평일,78,379000780,0,마산역종점,22:05,20시~,2026-09-28
비교: 진동환승센터 일대(반경 300m),마산역→생활권,일·공휴일,78,379000780,0,마산역종점,07:00,07–09시,2026-10-03
비교: 진동환승센터 일대(반경 300m),마산역→생활권,일·공휴일,78,379000780,0,마산역종점,10:00,09–12시,2026-10-03
비교: 진동환승센터 일대(반경 300m),마산역→생활권,일·공휴일,78,379000780,0,마산역종점,12:55,12–15시,2026-10-03
비교: 진동환승센터 일대(반경 300m),마산역→생활권,일·공휴일,78,379000780,0,마산역종점,16:00,15–18시,2026-10-03
비교: 진동환승센터 일대(반경 300m),마산역→생활권,일·공휴일,78,379000780,0,마산역종점,18:55,18–20시,2026-10-03
비교: 진동환승센터 일대(반경 300m),마산역→생활권,일·공휴일,78,379000780,0,마산역종점,22:05,20시~,2026-10-03
비교: 진동환승센터 일대(반경 300m),마산역→생활권,평일,80,379000800,1,마산역종점,06:00,~07시,2026-09-28
비교: 진동환승센터 일대(반경 300m),마산역→생활권,평일,80,379000800,1,마산역종점,06:55,~07시,2026-09-28
비교: 진동환승센터 일대(반경 300m),마산역→생활권,평일,80,379000800,1,마산역종점,07:33,07–09시,2026-09-28
비교: 진동환승센터 일대(반경 300m),마산역→생활권,평일,80,379000800,1,마산역종점,08:11,07–09시,2026-09-28
비교: 진동환승센터 일대(반경 300m),마산역→생활권,평일,80,379000800,1,마산역종점,08:49,07–09시,2026-09-28
비교: 진동환승센터 일대(반경 300m),마산역→생활권,평일,80,379000800,1,마산역종점,09:27,09–12시,2026-09-28
비교: 진동환승센터 일대(반경 300m),마산역→생활권,평일,80,379000800,1,마산역종점,10:05,09–12시,2026-09-28
비교: 진동환승센터 일대(반경 300m),마산역→생활권,평일,80,379000800,1,마산역종점,10:43,09–12시,2026-09-28
비교: 진동환승센터 일대(반경 300m),마산역→생활권,평일,80,379000800,1,마산역종점,11:21,09–12시,2026-09-28
비교: 진동환승센터 일대(반경 300m),마산역→생활권,평일,80,379000800,1,마산역종점,11:59,09–12시,2026-09-28
비교: 진동환승센터 일대(반경 300m),마산역→생활권,평일,80,379000800,1,마산역종점,12:37,12–15시,2026-09-28
비교: 진동환승센터 일대(반경 300m),마산역→생활권,평일,80,379000800,1,마산역종점,13:15,12–15시,2026-09-28
비교: 진동환승센터 일대(반경 300m),마산역→생활권,평일,80,379000800,1,마산역종점,13:53,12–15시,2026-09-28
비교: 진동환승센터 일대(반경 300m),마산역→생활권,평일,80,379000800,1,마산역종점,14:31,12–15시,2026-09-28
비교: 진동환승센터 일대(반경 300m),마산역→생활권,평일,80,379000800,1,마산역종점,15:09,15–18시,2026-09-28
비교: 진동환승센터 일대(반경 300m),마산역→생활권,평일,80,379000800,1,마산역종점,15:47,15–18시,2026-09-28
비교: 진동환승센터 일대(반경 300m),마산역→생활권,평일,80,379000800,1,마산역종점,16:25,15–18시,2026-09-28
비교: 진동환승센터 일대(반경 300m),마산역→생활권,평일,80,379000800,1,마산역종점,17:03,15–18시,2026-09-28
비교: 진동환승센터 일대(반경 300m),마산역→생활권,평일,80,379000800,1,마산역종점,17:41,15–18시,2026-09-28
비교: 진동환승센터 일대(반경 300m),마산역→생활권,평일,80,379000800,1,마산역종점,18:19,18–20시,2026-09-28
비교: 진동환승센터 일대(반경 300m),마산역→생활권,평일,80,379000800,1,마산역종점,18:57,18–20시,2026-09-28
비교: 진동환승센터 일대(반경 300m),마산역→생활권,평일,80,379000800,1,마산역종점,19:35,18–20시,2026-09-28
비교: 진동환승센터 일대(반경 300m),마산역→생활권,평일,80,379000800,1,마산역종점,20:13,20시~,2026-09-28
비교: 진동환승센터 일대(반경 300m),마산역→생활권,평일,80,379000800,1,마산역종점,20:51,20시~,2026-09-28
비교: 진동환승센터 일대(반경 300m),마산역→생활권,평일,80,379000800,1,마산역종점,21:29,20시~,2026-09-28
비교: 진동환승센터 일대(반경 300m),마산역→생활권,평일,80,379000800,1,마산역종점,22:07,20시~,2026-09-28
비교: 진동환승센터 일대(반경 300m),마산역→생활권,평일,80,379000800,1,마산역종점,22:45,20시~,2026-09-28
비교: 진동환승센터 일대(반경 300m),마산역→생활권,일·공휴일,80,379000800,1,마산역종점,06:00,~07시,2026-10-03
비교: 진동환승센터 일대(반경 300m),마산역→생활권,일·공휴일,80,379000800,1,마산역종점,06:55,~07시,2026-10-03
비교: 진동환승센터 일대(반경 300m),마산역→생활권,일·공휴일,80,379000800,1,마산역종점,07:41,07–09시,2026-10-03
비교: 진동환승센터 일대(반경 300m),마산역→생활권,일·공휴일,80,379000800,1,마산역종점,08:27,07–09시,2026-10-03
비교: 진동환승센터 일대(반경 300m),마산역→생활권,일·공휴일,80,379000800,1,마산역종점,09:13,09–12시,2026-10-03
비교: 진동환승센터 일대(반경 300m),마산역→생활권,일·공휴일,80,379000800,1,마산역종점,10:00,09–12시,2026-10-03
비교: 진동환승센터 일대(반경 300m),마산역→생활권,일·공휴일,80,379000800,1,마산역종점,10:49,09–12시,2026-10-03
비교: 진동환승센터 일대(반경 300m),마산역→생활권,일·공휴일,80,379000800,1,마산역종점,11:38,09–12시,2026-10-03
비교: 진동환승센터 일대(반경 300m),마산역→생활권,일·공휴일,80,379000800,1,마산역종점,12:27,12–15시,2026-10-03
비교: 진동환승센터 일대(반경 300m),마산역→생활권,일·공휴일,80,379000800,1,마산역종점,13:16,12–15시,2026-10-03
비교: 진동환승센터 일대(반경 300m),마산역→생활권,일·공휴일,80,379000800,1,마산역종점,14:05,12–15시,2026-10-03
비교: 진동환승센터 일대(반경 300m),마산역→생활권,일·공휴일,80,379000800,1,마산역종점,14:54,12–15시,2026-10-03
비교: 진동환승센터 일대(반경 300m),마산역→생활권,일·공휴일,80,379000800,1,마산역종점,15:43,15–18시,2026-10-03
비교: 진동환승센터 일대(반경 300m),마산역→생활권,일·공휴일,80,379000800,1,마산역종점,16:32,15–18시,2026-10-03
비교: 진동환승센터 일대(반경 300m),마산역→생활권,일·공휴일,80,379000800,1,마산역종점,17:21,15–18시,2026-10-03
비교: 진동환승센터 일대(반경 300m),마산역→생활권,일·공휴일,80,379000800,1,마산역종점,18:10,18–20시,2026-10-03
비교: 진동환승센터 일대(반경 300m),마산역→생활권,일·공휴일,80,379000800,1,마산역종점,18:59,18–20시,2026-10-03
비교: 진동환승센터 일대(반경 300m),마산역→생활권,일·공휴일,80,379000800,1,마산역종점,19:48,18–20시,2026-10-03
비교: 진동환승센터 일대(반경 300m),마산역→생활권,일·공휴일,80,379000800,1,마산역종점,20:32,20시~,2026-10-03
비교: 진동환승센터 일대(반경 300m),마산역→생활권,일·공휴일,80,379000800,1,마산역종점,21:16,20시~,2026-10-03
비교: 진동환승센터 일대(반경 300m),마산역→생활권,일·공휴일,80,379000800,1,마산역종점,22:00,20시~,2026-10-03
비교: 진동환승센터 일대(반경 300m),마산역→생활권,일·공휴일,80,379000800,1,마산역종점,22:45,20시~,2026-10-03
비교: 진동환승센터 일대(반경 300m),마산역→생활권,평일,65-1,379006510,0,유니시티2단지,07:00,시각 미산출(중간경유),2026-09-28
비교: 진동환승센터 일대(반경 300m),마산역→생활권,평일,65-1,379006510,0,유니시티2단지,09:20,시각 미산출(중간경유),2026-09-28
비교: 진동환승센터 일대(반경 300m),마산역→생활권,평일,65-1,379006510,0,유니시티2단지,10:30,시각 미산출(중간경유),2026-09-28
비교: 진동환승센터 일대(반경 300m),마산역→생활권,평일,65-1,379006510,0,유니시티2단지,13:40,시각 미산출(중간경유),2026-09-28
비교: 진동환승센터 일대(반경 300m),마산역→생활권,평일,65-1,379006510,0,유니시티2단지,14:45,시각 미산출(중간경유),2026-09-28
비교: 진동환승센터 일대(반경 300m),마산역→생활권,평일,65-1,379006510,0,유니시티2단지,17:40,시각 미산출(중간경유),2026-09-28
비교: 진동환승센터 일대(반경 300m),마산역→생활권,일·공휴일,65-1,379006510,0,유니시티2단지,07:00,시각 미산출(중간경유),2026-10-03
비교: 진동환승센터 일대(반경 300m),마산역→생활권,일·공휴일,65-1,379006510,0,유니시티2단지,09:20,시각 미산출(중간경유),2026-10-03
비교: 진동환승센터 일대(반경 300m),마산역→생활권,일·공휴일,65-1,379006510,0,유니시티2단지,10:30,시각 미산출(중간경유),2026-10-03
비교: 진동환승센터 일대(반경 300m),마산역→생활권,일·공휴일,65-1,379006510,0,유니시티2단지,13:40,시각 미산출(중간경유),2026-10-03
비교: 진동환승센터 일대(반경 300m),마산역→생활권,일·공휴일,65-1,379006510,0,유니시티2단지,14:45,시각 미산출(중간경유),2026-10-03
비교: 진동환승센터 일대(반경 300m),마산역→생활권,일·공휴일,65-1,379006510,0,유니시티2단지,17:40,시각 미산출(중간경유),2026-10-03
