file,bytes,sha256,rows,columns
cw_route305_temp_20260929.xlsx,10703,5e891f68187e5591,45,sheets: Sheet1
cw_timetable_20260929.xlsx,588123,3380531ce236c32f,4573,"sheets: 운행계통(전체)|급행,좌석노선|창원~마산간선|진해간선|창원지선|마산지선|진해지선|읍면노선|공단순환"
cw_village_bus_timetable_20251115.xlsx,42791,0a63dd7edc18a5de,281,sheets: 1번|2번|3번|7번|8번|진해마을(350~353번)
cwbis_snapshot_20260929.json,7353591,be2f26df53eab1e7,"routes=190, route_stop_rows=19432, timetable_rows=14975",keys: source|retrieved_at|endpoints|note|route_list|bus_time_list|route_stops|timetables
datagokr_cw_bus_boarding_20250519_25.xlsx,287818,3704a098dd7520b9,6655,sheets: 정류장별 인원(25.05.19.~05.25.)|10(노선별인원→)|11|12|13|14|15|17|19|20|21|22|23|24|27|30|31|32|33|34|35|36|37|40|41|42|44|45|46|49|50|51|53|54|55|60|61|62|64|70|71|72|72-1|73|73-1|74|74-1|75|75-1|76|77|77-1|78|80|100|101|102|103|105|106|107|108|109|110|111|113|114|115|116|122|150|151|152|155|156|160|162|163|164|212|213|214|215|216|219|220|221|222|223|224|225|240|250|251|253|254|256|257|258|259|260|262|263|264|270|271|272|273|277|301|302|303|305|306|307|309|315|317|325|361|510|511|530|540|710|720|730|740|770|901|990|995|995-1|996|998|999|3000|3001|3002|3003|3004|3005|3006|5000|6000
datagokr_cw_bus_stops_20251231.csv,310093,908810b0968956c2,3526,정류소아이디|서비스아이디|정류소명|방면|유형|관할관청|경도|위도|방위각|동코드
datagokr_cw_bus_timetable_20251114.csv,9937,9bf8dac64e18e7c0,136,노선종류|노선번호|기점|종점|첫차출발|막차출발|운행대수|운행횟수|배차간격(분)|운수업체
docs/cw_2026_new_policy.pdf,13081209,0dc0ccf3a3eadb3b,,
docs/cw_drt_reorg_20251229.pdf,59084182,74384e66191bf544,,
