동코드,stops,median_weekday_trips,p25_weekday_trips,stops_under_10_weekday,median_holiday_trips
상복동,2,8.0,8.0,2,8.0
가주동,3,11.0,11.0,0,11.0
대장동,1,11.0,11.0,0,11.0
진전면,111,13.0,12.0,4,13.0
안골동,11,15.0,7.5,4,15.0
구산면,115,16.0,13.0,10,18.0
진북면,90,17.0,10.0,2,17.0
미상,482,19.0,10.0,82,22.0
진동면,61,24.0,17.0,5,24.0
성산동,7,28.0,28.0,0,22.0
원포동,18,30.0,15.75,0,20.0
제덕동,11,30.0,7.0,5,20.0
북면,204,31.0,15.0,9,31.0
귀곡동,11,36.0,36.0,0,30.0
귀현동,3,36.0,36.0,0,30.0
귀산동,12,36.0,36.0,0,30.0
남문동,22,37.0,8.0,8,27.0
명동,12,37.0,37.0,0,27.0
성호동,2,43.0,38.5,0,36.5
동읍,148,51.0,17.0,17,51.0
대산면,100,51.0,16.0,14,51.0
대죽동,3,56.0,56.0,0,56.0
예곡동,17,62.0,9.0,7,57.0
중동,7,68.0,65.5,0,47.0
봉림동,3,72.0,72.0,0,72.0
웅남동,12,74.5,44.0,0,40.0
자은동,39,92.0,74.0,0,65.0
월포동,4,93.5,91.0,0,61.0
신포동1가,4,93.5,91.0,0,61.0
신포동2가,2,93.5,92.25,0,61.0
청안동,10,94.5,23.0,0,69.5
남양동,28,95.0,11.0,0,70.0
대천동,1,95.0,95.0,0,70.0
창선동,1,96.0,96.0,0,71.0
행암동,6,97.0,76.0,0,73.0
용원동,36,98.0,65.0,5,73.0
신촌동,39,105.0,40.0,0,74.0
두동,10,111.5,94.25,0,86.5
마천동,7,112.0,111.0,0,87.0
소계동,14,116.0,116.0,0,98.0
반지동,12,121.0,118.0,0,95.0
신월동,24,123.0,100.25,0,93.0
명서동,20,126.0,125.0,0,92.0
퇴촌동,4,130.5,91.5,0,103.0
해운동,18,131.0,103.5,0,99.0
팔용동,65,131.0,15.0,2,90.0
서중동,4,132.5,132.0,0,97.5
교방동,8,134.0,47.5,0,98.0
성내동,8,135.0,58.0,0,94.5
수성동,1,138.0,138.0,0,91.0
내서읍,140,139.5,60.75,10,106.5
천선동,3,142.0,83.0,0,91.0
중평동,1,151.0,151.0,0,103.0
송죽동,1,151.0,151.0,0,103.0
덕동동,16,152.0,118.0,0,129.0
태백동,8,153.5,45.0,0,121.0
상남동,24,156.0,105.5,0,99.0
자산동,4,156.5,149.0,0,119.0
대원동,5,159.0,158.0,0,106.0
북부동,2,159.5,146.25,0,117.0
봉곡동,20,164.0,148.0,0,127.5
죽곡동,7,164.0,37.0,1,114.0
회원동,26,168.0,82.25,0,123.5
현동,11,168.0,23.0,0,153.0
장천동,13,176.0,166.0,0,126.0
내동,8,176.0,144.75,0,114.5
숭인동,2,177.0,177.0,0,201.5
가포동,14,180.5,160.0,0,164.5
문화동,4,180.5,11.0,0,129.0
안민동,8,181.5,179.0,0,119.0
평안동,1,183.0,183.0,0,135.0
합성동,26,190.0,23.0,0,142.5
사파동,19,190.0,85.0,0,144.0
월남동5가,1,193.0,193.0,0,137.0
풍호동,14,196.5,147.0,0,152.5
대흥동,2,199.5,188.25,0,154.0
화천동,2,205.5,194.25,0,157.5
용호동,14,208.5,159.75,0,176.0
성주동,25,215.0,31.0,0,155.0
용동,9,215.0,203.0,0,203.0
대방동,25,216.0,211.0,0,135.0
사림동,24,222.0,189.0,0,180.0
삼동동,8,222.0,143.75,0,150.5
외동,7,225.0,122.0,0,140.0
덕정동,2,226.5,226.25,0,168.0
통신동,1,228.0,228.0,0,180.0
도계동,11,230.0,229.0,0,150.0
완월동,10,231.5,85.0,0,165.0
중성동,4,239.0,182.25,0,170.0
월남동4가,2,240.5,234.25,0,227.5
수송동,5,246.0,151.0,0,173.0
동정동,10,246.0,230.5,0,198.5
중앙동,13,249.0,140.0,0,145.0
여좌동,16,262.0,109.0,0,196.0
추산동,1,262.0,262.0,0,187.0
양곡동,7,262.0,149.0,0,196.0
반림동,10,276.0,170.0,0,207.0
월영동,21,278.0,34.0,0,237.0
경화동,34,281.0,45.0,0,207.0
덕산동,5,297.0,56.0,0,222.0
구암동,25,300.0,202.0,0,223.0
서상동,11,307.0,258.0,0,215.0
석동,13,309.0,127.0,0,223.0
양덕동,36,321.5,172.5,0,215.0
평화동,2,325.5,325.25,0,232.5
사파정동,4,342.5,330.0,0,261.5
삼정자동,2,345.0,342.0,0,233.5
이동,13,353.0,45.0,0,264.0
충무동,12,353.5,293.25,0,289.5
가음정동,5,371.0,371.0,0,233.0
동성동,3,371.0,313.5,0,292.0
가음동,11,377.0,237.5,0,233.0
봉암동,15,391.0,342.0,0,285.0
회성동,11,398.0,175.0,0,264.0
소답동,9,408.0,260.0,0,293.0
산호동,17,421.0,210.0,0,286.0
태평동,8,430.0,429.0,0,342.5
차용동,4,437.0,312.75,0,274.5
석전동,17,447.0,327.0,0,309.0
광화동,2,455.5,455.25,0,337.0
부림동,2,472.0,469.5,0,338.0
불모산동,5,485.0,479.0,0,336.0
남산동,11,514.0,456.5,0,346.0
우산동,7,531.0,423.0,0,419.0
남성동,4,545.5,392.0,0,433.5
두척동,15,546.0,21.5,0,381.0
오동동,5,569.0,445.0,0,441.0
월남동2가,1,683.0,683.0,0,516.0
중앙동3가,6,760.0,723.75,0,583.5
서성동,4,790.5,349.75,0,609.5
월남동1가,2,1016.5,851.75,0,794.0
중앙동1가,2,1202.0,1196.0,0,943.0
중앙동2가,4,1238.5,1208.0,0,966.0
월남동3가,2,1615.0,1608.5,0,1227.0
